"This test, introduced in 1950, determines if a machine can imitate human responses well enough to fool an interrogator.",What is an IQ test?,What is a Turing test?,What is an EQ test?,Who formulated the IQ test?,What is a Turing test?
"Humans rely on this type of reasoning that handles uncertainty, unlike computers that use binary logic.",What is uncertainty logic and its significance in learning different types of logic?,What is spatial intelligence compared to interpersonal intelligence?,How do you define fuzzy logic and how is this different from how a computer thinks?,How do you compare fuzzy logic and binary logic?,How do you define fuzzy logic and how is this different from how a computer thinks?
"According to Howard Gardner, this type of intelligence involves the ability to evaluate and analyze the visual world.",What is linguistic intelligence in comparison to spatial intelligence?,What is musical intelligence?,What is spatial intelligence and what skills are under this type?,What is interpersonal intelligence?,What is spatial intelligence and what skills are under this type?
This period showed decline in AI research funding due to overly optimistic claims.,What is AI winter and what happened in this period?,What is AI summer?,What is Artificial Intelligence?,What is the AI renaissance and its significance in the modern world?,What is AI winter and what happened in this period?
Intelligence is the ability to do these two main things.,What is thinking and solving problems?,What is speaking and listening?,What is reason and solving problems?,"What is the relationship between intelligence, reason and profit by experience?","What is the relationship between intelligence, reason and profit by experience?"
"They do a dance routine to communicate, specifically to point at the location of pollen sources.",Why do bees point to the location of pollen sources?,What do bees do before flying?,Why do bees dance instead of using other forms of communication?,How do bees show intelligence?,How do bees show intelligence?
A philosopher who believed intelligence was more dependent on teaching and life experiences.,Why are philosophers important in the discussion of intelligence?,Who is Aristotle and his idea of intelligence?,Who is Plato and the difference between his idea of intelligence compared to Aristotle’s?,What was Plato’s take on intelligence?,Who is Aristotle and his idea of intelligence?
This period was the revival of AI in the 1980s.,What is the AI renaissance?,What is the AI winter?,What is the AI baroque?,What is the AI revival?,What is the AI renaissance?
"It is a combination of the abilities to learn, pose problems, and solve problems.",What is intelligence quotient?,What is emotional quotient?,What is intelligence?,What is reasoning?,What is intelligence?
"This explains intelligence in terms of componential, experimental, and contextual aspects.",What is the Triangle Intelligence Theory?,What is the Triarchic Theory?,What is the Component Intelligent Theory?,What is the Multi-Intelligence Theory?,"What is the Triarchic Theory?"
